"word1","word2","length","difficulty","reasoning"
"saw","was","3","Very Easy","Both words are instantly known and the definitions are clear."
"dog","god","3","Very Easy","Both words are instantly known and easily anchorable."
"emit","time","4","Very Easy","The definition of 'emit' is a clear anchor, and 'time' is a common word."
"evil","live","4","Very Easy","Both words are instantly known and easily anchorable."
"fig","gif","3","Very Easy","The definition of 'fig' is a clear anchor, and the word is relatively common. The definition of 'gif' is also clear, and the word is well-known."
"ave","eva","3","Very Easy","The definition of 'ave' is a reverential salutation, which is a common and easily recognizable concept. The definition of 'eva' is a pronunciation spelling of 'ever', which is also easily recognizable."
"pis","sip","3","Very Easy","The definition of 'pis' as a plural of pi is less common, but 'sip' is a very familiar word that can be anchored on instantly."
"cod","doc","3","Very Easy","The definition of 'cod' as a sea fish is less common, but 'doc' is a very familiar word that can be anchored on instantly."
"snaps","spans","5","Very Easy","Both words are household words, and the definitions are clear anchors."
"hoo","ooh","3","Very Easy","Both definitions are immediately familiar, making it easy to anchor on either word."
"bol","lob","3","Very Easy","The definition of 'bol' is immediately familiar, and 'lob' is a common term, making it easy to anchor on and discover the less common term 'lob'."
"sloops","spools","6","Very Easy","Both words are instantly recognizable from their definitions."
"bun","nub","3","Very Easy","Both words are instantly recognizable from their definitions."
"avo","ova","3","Very Easy","Both words are instantly recognizable from their definitions."
"desserts","stressed","8","Very Easy","Both words are household names, making it easy to anchor on either one."
"dah","had","3","Easy","The definition of 'dah' is clear, and 'had' is a common word."
"now","won","3","Easy","The definition of 'now' is clear, and 'won' is a common word."
"may","yam","3","Easy","The definition of 'may' is a clear anchor, and 'yam' is a familiar word."
"part","trap","4","Easy","The definition of 'part' is a clear anchor, and 'trap' is a common word."
"know","wonk","4","Easy","The definition of 'know' is a clear anchor, and 'wonk' is a familiar word."
"got","tog","3","Easy","The definition of 'got' is colloquial and easy to understand, making it a good anchor for the puzzle."
"new","wen","3","Easy","The definition of 'new' is easy to understand, making it a good anchor for the puzzle."
"net","ten","3","Easy","The definition of 'net' is easy to understand, making it a good anchor for the puzzle."
"door","rood","4","Easy","The definition of 'door' is immediately familiar and gives away the anchor word. The definition of 'rood' is less common, but still easy to understand."
"keep","peek","4","Easy","The definition of 'keep' is immediately familiar and gives away the anchor word. The definition of 'peek' is less common, but still easy to understand."
"pot","top","3","Easy","The definition of 'pot' is immediately familiar and gives away the anchor word. The definition of 'top' is less common, but still easy to understand."
"meet","teem","4","Easy","The definition of 'meet' is quite common and easy to understand, making it a good anchor. The definition of 'teem' is also familiar, but not as immediately obvious."
"boy","yob","3","Easy","The definition of 'boy' is very common and easy to understand, making it a good anchor. The definition of 'yob' is less familiar, but still relatively easy to grasp."
"bad","dab","3","Easy","The definition of 'bad' is very common and easy to understand, making it a good anchor. The definition of 'dab' is also familiar, but not as immediately obvious."
"bed","deb","3","Easy","The definition of 'bed' is very common and easy to understand, making it a good anchor. The definition of 'deb' is less familiar, but still relatively easy to grasp."
"big","gib","3","Easy","The definition of 'big' is very common and easy to understand, making it a good anchor. The definition of 'gib' is less familiar, but still relatively easy to grasp."
"nav","van","3","Easy","The definition of 'nav' is easily guessable, and 'van' is a common word."
"per","rep","3","Easy","The definition of 'per' is easily guessable, and 'rep' is a common word."
"pay","yap","3","Easy","The definition of 'pay' is easily guessable, and 'yap' is a common word."
"dat","tad","3","Easy","The definition of 'dat' is easily guessable, and 'tad' is a common word."
"don","nod","3","Easy","The definition of 'don' as a university professor is immediately obvious, making it a clear anchor."
"doom","mood","4","Easy","Both words are relatively common, with 'doom' being a well-known term and 'mood' being a familiar concept."
"dim","mid","3","Easy","The definition for 'dim' is a common word, making it easy to anchor on."
"diam","maid","4","Easy","The definition for 'diam' is a common abbreviation, making it easy to anchor on."
"gas","sag","3","Easy","The definition for 'gas' is a common word, making it easy to anchor on."
"deer","reed","4","Easy","The definition for 'deer' is a common word, making it easy to anchor on."
"hem","meh","3","Easy","The definition of 'hem' is a common sewing term, making it easy to anchor on. The definition of 'meh' is also easily understandable, but not as immediately obvious."
"pit","tip","3","Easy","The definition of 'pit' is a common term, making it easy to anchor on. The definition of 'tip' is also easily understandable, but not as immediately obvious."
"eel","lee","3","Easy","The definition of 'eel' is a common term, making it easy to anchor on. The definition of 'lee' is also easily understandable, but not as immediately obvious."
"gar","rag","3","Easy","The definition of 'gar' is a common term, making it easy to anchor on. The definition of 'rag' is also easily understandable, but not as immediately obvious."
"cap","pac","3","Easy","The definition of 'cap' is a common term, making it easy to anchor on. The definition of 'pac' is also easily understandable, but not as immediately obvious."
"dos","sod","3","Easy","The definition of 'dos' as the plural of 'do' is immediately clear, making it easy to anchor on."
"bag","gab","3","Easy","The definition of 'bag' as a soft container is immediately clear, making it easy to anchor on."
"gel","leg","3","Easy","The definition of 'gel' as a semi-solid colloid is immediately clear, making it easy to anchor on."
"dew","wed","3","Easy","The definition of 'dew' as moisture from the atmosphere is immediately clear, making it easy to anchor on."
"loop","pool","4","Easy","The definition of 'loop' is a clear anchor, and the word is relatively common. The definition of 'pool' is also clear, but the word is less common."
"gut","tug","3","Easy","The definition of 'gut' is a clear anchor, and the word is relatively common. The definition of 'tug' is also clear, but the word is less common."
"nap","pan","3","Easy","The definition of 'nap' is a clear anchor, and the word is relatively common. The definition of 'pan' is also clear, and the word is well-known."
"lap","pal","3","Easy","The definition of 'lap' is a clear anchor, and the word is relatively common. The definition of 'pal' is also clear, and the word is well-known."
"bin","nib","3","Easy","The definition of 'bin' is a common and easily recognizable container for rubbish or waste, making it a good anchor for the puzzle."
"nit","tin","3","Easy","The definition of 'nit' is a common and easily recognizable egg of a louse, making it a good anchor for the puzzle."
"hay","yah","3","Easy","The definition of 'hay' is a common and easily recognizable type of grass, making it a good anchor for the puzzle."
"bis","sib","3","Easy","The definition of 'bis' is a common and easily recognizable term for twice, making it a good anchor for the puzzle."
"res","ser","3","Easy","The definition of 'res' is a common and easily recognizable term for a reservation or reserve, making it a good anchor for the puzzle."
"gnus","sung","4","Easy","The definition of 'gnus' is a plural noun, making it a clear anchor. The definition of 'sung' is a past participle, which is also a common concept."
"dor","rod","3","Easy","The definition of 'dor' is a type of dung beetle, which is a less common concept, but still a clear anchor. The definition of 'rod' is a straight stick, which is a common and easily recognizable concept."
"map","pam","3","Easy","The definition of 'map' is a visual representation of an area, which is a common and easily recognizable concept. The definition of 'pam' is a card game term, which is less common, but still a clear anchor."
"mar","ram","3","Easy","The definition of 'mar' is a verb meaning to spoil, which is a common and easily recognizable concept. The definition of 'ram' is a male sheep, which is also a common and easily recognizable concept."
"pupils","slipup","6","Easy","The definition of 'pupils' is immediately familiar, making it easy to anchor on."
"nip","pin","3","Easy","The definition of 'nip' is immediately familiar, making it easy to anchor on."
"pat","tap","3","Easy","The definition of 'pat' is immediately familiar, making it easy to anchor on."
"rat","tar","3","Easy","The definition of 'rat' is immediately familiar, making it easy to anchor on."
"cam","mac","3","Easy","The definition of 'cam' as a camera is immediately familiar, making it easy to anchor on."
"min","nim","3","Easy","The abbreviation 'min' for minute is immediately familiar, making it easy to anchor on."
"gem","meg","3","Easy","The definition of 'gem' as a precious stone is immediately familiar, making it easy to anchor on."
"snot","tons","4","Easy","The definition of 'snot' as mucus is immediately familiar, making it easy to anchor on."
"mat","tam","3","Easy","The definition of 'mat' as a flat piece of material is immediately familiar, making it easy to anchor on."
"gum","mug","3","Easy","The definition of 'gum' is a common word, making it an easy anchor for the puzzle."
"bus","sub","3","Easy","The definition of 'bus' is a common word, making it an easy anchor for the puzzle."
"bur","rub","3","Easy","The definition of 'bur' is a common word, making it an easy anchor for the puzzle."
"mils","slim","4","Easy","The definition of 'slim' is immediately recognizable, making it easy to anchor on."
"maws","swam","4","Easy","The definition of 'swam' is immediately recognizable, making it easy to anchor on."
"bats","stab","4","Easy","The definition of 'stab' is immediately recognizable, making it easy to anchor on."
"maps","spam","4","Easy","The definition of 'maps' is straightforward, and 'spam' is a familiar term in computing."
"bat","tab","3","Easy","The definition of 'bat' is straightforward, and 'tab' is a familiar term."
"pins","snip","4","Easy","The definition of 'pins' is a common word, making it easy to anchor on."
"flog","golf","4","Easy","The definition of 'flog' is a common word, making it easy to anchor on."
"pals","slap","4","Easy","The definition of 'slap' is a common and easily recognizable word, making it the anchor for this puzzle."
"paws","swap","4","Easy","The definition of 'swap' is a common and easily recognizable word, making it the anchor for this puzzle."
"burg","grub","4","Easy","The definition of 'burg' as a city or town is immediately familiar, making it easy to anchor on."
"keel","leek","4","Easy","The definition of 'keel' as a nautical term is less common, but 'leek' is a familiar vegetable that can be anchored on."
"ban","nab","3","Easy","The definition of 'ban' is a clear and immediate giveaway, making it easy to anchor on."
"gulp","plug","4","Easy","The definition of 'gulp' is a clear and immediate giveaway, making it easy to anchor on."
"gat","tag","3","Easy","The definition of 'gat' is a clear and immediate giveaway, making it easy to anchor on."
"bro","orb","3","Easy","The definition of 'bro' is a clear and immediate giveaway, making it easy to anchor on."
"bonk","knob","4","Easy","The definition of 'bonk' is easily guessable, making it a clear anchor for the puzzle."
"dap","pad","3","Easy","The definition of 'dap' is easily guessable, making it a clear anchor for the puzzle."
"mart","tram","4","Easy","The definition for 'mart' is clear and familiar, making it easy for players to anchor on. The definition for 'tram' is also clear, but the word itself is not as widely known."
"duo","oud","3","Easy","The definition of 'duo' is clear and common, making it easy to anchor on. The definition of 'oud' is less common, but the word itself is still recognizable."
"bal","lab","3","Easy","The definition of 'bal' is clear and regional, making it easy to anchor on. The definition of 'lab' is common, but the word itself is still recognizable."
"ergo","ogre","4","Easy","The definition of 'ergo' is clear and common, making it easy to anchor on. The definition of 'ogre' is less common, but the word itself is still recognizable."
"kay","yak","3","Easy","The definition of 'kay' is clear and common, making it easy to anchor on. The definition of 'yak' is less common, but the word itself is still recognizable."
"ger","reg","3","Easy","The definition of 'ger' as a yurt is a clear anchor, and 'reg' is a familiar word, though it may need a moment's thought."
"demit","timed","5","Easy","The definition of 'demit' as to let fall is a clear anchor, and 'timed' is a familiar word."
"nuts","stun","4","Easy","The definition of 'nuts' as slang for testicles is a clear anchor, and 'stun' as to incapacitate is a familiar word."
"pst","tsp","3","Easy","The definition of 'psst' is immediately familiar, making it easy to anchor on 'pst'."
"mop","pom","3","Easy","The definition of 'mop' is immediately familiar, making it easy to anchor on 'mop'."
"civ","vic","3","Easy","The definition of 'civ' is immediately familiar, making it easy to anchor on 'civ'."
"bros","sorb","4","Easy","The definition of 'bros' is instantly recognizable, making it easy to anchor on and discover the less common term 'sorb'."
"sports","strops","6","Easy","The definition of 'sports' is instantly recognizable, making it easy to anchor on and discover the less common term 'strops'."
"loots","stool","5","Easy","The definition of 'loots' is instantly recognizable, making it easy to anchor on and discover the less common term 'stool'."
"buts","stub","4","Easy","The definition of 'buts' is straightforward, and the word 'stub' is easily recognizable from its definition."
"denim","mined","5","Easy","The definition of 'denim' is straightforward, and the word 'mined' is easily recognizable from its definition."
"oat","tao","3","Easy","The definition of 'oat' is immediately obvious and 'tao' is a familiar word in Chinese philosophy."
"pes","sep","3","Easy","The definition of 'pes' is immediately obvious and 'sep' is a common abbreviation."
"avid","diva","4","Easy","The definition of 'avid' is familiar, and 'diva' is a well-known term, making it easy to anchor on either one."
"doh","hod","3","Easy","Both words are somewhat familiar, and the definition of 'doh' is a common expression, making it easy to anchor on either one."
"bod","dob","3","Easy","The definition of 'bod' as a person is immediately obvious, making it the anchor."
"pacer","recap","5","Easy","Both definitions are relatively common, and a typical adult English speaker may need only a moment's thought to anchor on either 'pacer' or 'recap'."
"macs","scam","4","Easy","The definition of 'macs' is common and can serve as an anchor."
"oohs","shoo","4","Easy","The definition of 'oohs' is common and can serve as an anchor."
"pees","seep","4","Easy","The definition of 'pees' is common and can serve as an anchor."
"spay","yaps","4","Easy","The definition of 'spay' is a common action, making it easy to anchor on. The word 'yaps' is also familiar, but the definition is less common."
"cav","vac","3","Easy","The definition of 'cav' is a common term, making it easy to anchor on. The word 'vac' is also familiar."
"dep","ped","3","Easy","The definition of 'dep' is a common term, making it easy to anchor on. The word 'ped' is also familiar."
"duh","hud","3","Easy","The definition of 'duh' is a common expression, making it easy to anchor on. The word 'hud' is also familiar."
"dup","pud","3","Easy","The definition of 'dup' is a common action, making it easy to anchor on. The word 'pud' is also familiar."
"not","ton","3","Medium","The definition of 'not' is clear, but 'ton' requires some thought."
"are","era","3","Medium","The definition of 'are' is clear, but 'era' requires some thought."
"but","tub","3","Medium","The definition of 'but' is clear, but 'tub' requires some thought."
"man","nam","3","Medium","The definition of 'man' is clear, but 'nam' requires some thought."
"der","red","3","Medium","The definition of 'der' is not clear, and 'red' is a common word."
"def","fed","3","Medium","The definition of 'def' is not immediately obvious, but 'fed' is a common word."
"nos","son","3","Medium","The definition of 'nos' is not immediately obvious, but 'son' is a common word."
"emos","some","4","Medium","The definition of 'emos' is not immediately obvious, but 'some' is a common word."
"let","tel","3","Medium","The definition of 'let' is not immediately obvious, but 'tel' is a common abbreviation."
"den","ned","3","Medium","The definition of 'den' is somewhat obscure, but 'ned' is not a common word, making it a medium difficulty puzzle."
"raw","war","3","Medium","The definition of 'raw' is straightforward, but 'war' is a more complex concept, making it a medium difficulty puzzle."
"way","yaw","3","Medium","The definition of 'way' is somewhat abstract, but 'yaw' is a specific concept in aviation, making it a medium difficulty puzzle."
"moor","room","4","Medium","The definition of 'moor' is somewhat obscure, but 'room' is a common concept, making it a medium difficulty puzzle."
"pas","sap","3","Medium","The definition of 'pas' is somewhat archaic, but 'sap' is a common concept, making it a medium difficulty puzzle."
"dem","med","3","Medium","The definition of 'dem' is somewhat obscure, but 'med' is a common concept, making it a medium difficulty puzzle."
"par","rap","3","Medium","The definition of 'par' is somewhat familiar, but the definition of 'rap' is less common. A player needs some vocabulary to find an anchor."
"mon","nom","3","Medium","The definition of 'mon' is somewhat familiar, but the definition of 'nom' is less common. A player needs some vocabulary to find an anchor."
"mot","tom","3","Medium","The definition of 'mot' is somewhat familiar, but the definition of 'tom' is less common. A player needs some vocabulary to find an anchor."
"dial","laid","4","Medium","The definition of 'dial' is somewhat familiar, but the definition of 'laid' is less common. A player needs some vocabulary to find an anchor."
"air","ria","3","Medium","The definition of 'air' is quite vivid and primary, but the word itself is not extremely common. The definition of 'ria' is less familiar, making it harder to anchor on."
"parts","strap","5","Medium","The definition of 'parts' is less familiar, making it harder to anchor on. The definition of 'strap' is also not extremely common, making it harder to anchor on."
"spot","tops","4","Medium","The definition of 'spot' is quite vivid and primary, but the word itself is not extremely common. The definition of 'tops' is also less familiar, making it harder to anchor on."
"pots","stop","4","Medium","The definition of 'pots' is easily guessable, but 'stop' is a common word that requires a moment's thought."
"draw","ward","4","Medium","The definition of 'draw' is easily guessable, but 'ward' is an archaic or obsolete word."
"pets","step","4","Medium","The definition of 'pets' is easily guessable, but 'step' is a common word that requires a moment's thought."
"peels","sleep","5","Medium","The definition of 'sleep' is immediately obvious, but the definition of 'peels' is less so. A player needs some vocabulary to find an anchor."
"dam","mad","3","Medium","The definition of 'dam' is immediately obvious, but the definition of 'mad' is less so. A player needs some vocabulary to find an anchor."
"lit","til","3","Medium","The definition of 'lit' is immediately obvious, but the definition of 'til' is less so. A player needs some vocabulary to find an anchor."
"mus","sum","3","Medium","The definition of 'sum' is immediately obvious, but the definition of 'mus' is less so. A player needs some vocabulary to find an anchor."
"dir","rid","3","Medium","The definition of 'rid' is immediately obvious, but the definition of 'dir' is less so. A player needs some vocabulary to find an anchor."
"drawer","reward","6","Medium","The definition of 'reward' is immediately obvious, but the definition of 'drawer' is less so. A player needs some vocabulary to find an anchor."
"edit","tide","4","Medium","Both words are moderately difficult to anchor on, with 'edit' being a common term and 'tide' being a less common concept."
"deeps","speed","5","Medium","Both words are moderately difficult to anchor on, with 'deeps' being a less common term and 'speed' being a common concept."
"aim","mia","3","Medium","The definition for 'aim' is a common word, making it easy to anchor on, but the definition for 'mia' is less common."
"lias","sail","4","Medium","The definition for 'sail' is a common word, making it easy to anchor on, but the definition for 'lias' is less common."
"kcal","lack","4","Medium","The definition for 'kcal' is a common abbreviation, making it easy to anchor on, but the definition for 'lack' is less common."
"spots","stops","5","Medium","The definitions of 'spots' and 'stops' are both common terms, but neither is immediately obvious. A reasonably well-read speaker can work out at least one."
"dray","yard","4","Medium","The definition of 'dray' is a historical term, making it less common. The definition of 'yard' is a common unit of length, making it easy to anchor on."
"eros","sore","4","Medium","The definition of 'eros' is a common term, making it easy to anchor on. The definition of 'sore' is also easily understandable, but not as immediately obvious."
"ben","neb","3","Medium","The definition of 'ben' as a Scottish or Irish mountain is not immediately clear, but it's still a familiar word, making it moderately easy to anchor on."
"bid","dib","3","Medium","The definition of 'bid' as an offer at an auction is immediately clear, making it moderately easy to anchor on."
"nat","tan","3","Medium","The definition of 'nat' is not immediately clear, but the word is relatively common. The definition of 'tan' is also clear, but the word is less common."
"lion","noil","4","Medium","The definition of 'lion' is a well-known animal, but the definition of 'noil' is a less common term related to textile yarns, making it a moderately difficult puzzle."
"drag","gard","4","Medium","The definition of 'drag' is a common and easily recognizable term for resistance, but the definition of 'gard' is a less common and more obscure term for a garden, making it a moderately difficult puzzle."
"deg","ged","3","Medium","The definition of 'deg' is a common abbreviation, but it's not immediately obvious. The definition of 'ged' is less common and requires some thought to anchor on."
"taw","wat","3","Medium","The definition of 'taw' is an obsolete term, making it a harder anchor. The definition of 'wat' is a Buddhist temple, which is a less common concept, but still a clear anchor."
"spit","tips","4","Medium","The definition of 'spit' is a common verb, making it a clear anchor. The definition of 'tips' is a plural noun, which is also a common concept, but requires some thought to anchor on."
"tort","trot","4","Medium","The definition of 'tort' is somewhat technical, but 'trot' is a common word that can be anchored on."
"nut","tun","3","Medium","The definition of 'nut' is somewhat common, but 'tun' is a less familiar word that can be anchored on."
"dot","tod","3","Medium","The definition of 'dot' is somewhat common, but 'tod' is a less familiar word that can be anchored on."
"pans","snap","4","Medium","The definition of 'pans' is somewhat common, but 'snap' is a less familiar word that can be anchored on."
"pools","sloop","5","Medium","The definition of 'pools' is familiar, but the definition of 'sloop' requires some knowledge of nautical terms."
"ports","strop","5","Medium","The definition of 'ports' is familiar, but the definition of 'strop' requires some knowledge of leatherworking or razor maintenance."
"loot","tool","4","Medium","The definition of 'loot' as booty is familiar, but the definition of 'tool' requires some knowledge of general vocabulary."
"dort","trod","4","Medium","The definition of 'dort' as a sulky mood is less familiar, but the definition of 'trod' as the past tense of tread is still somewhat recognizable."
"sway","yaws","4","Medium","The definition of 'sway' is a common word, but the definition of 'yaws' is less familiar, making it a medium difficulty puzzle."
"rot","tor","3","Medium","The definition of 'rot' is a common word, but the definition of 'tor' is less familiar, making it a medium difficulty puzzle."
"gen","neg","3","Medium","The definition of 'gen' is a common word, but the definition of 'neg' is less familiar, making it a medium difficulty puzzle."
"jar","raj","3","Medium","The definition of 'jar' is a common word, but the definition of 'raj' is less familiar, making it a medium difficulty puzzle."
"bud","dub","3","Medium","The definition of 'bud' is recognizable, but the definition of 'dub' is less common, making it a bit harder to anchor on."
"hoop","pooh","4","Medium","The definition of 'hoop' is recognizable, but the definition of 'pooh' is less common, making it a bit harder to anchor on."
"dart","trad","4","Medium","The definition of 'dart' is recognizable, but the definition of 'trad' is less common, making it a bit harder to anchor on."
"cos","soc","3","Medium","The definition of 'cos' is somewhat obscure, but 'soc' is a familiar term in university slang."
"leer","reel","4","Medium","The definition of 'leer' is somewhat unusual, but 'reel' is a familiar term."
"cit","tic","3","Medium","The definition of 'cit' is somewhat obscure, but 'tic' is a familiar term in neurology."
"enol","lone","4","Medium","The definition of 'enol' is somewhat obscure, but 'lone' is a familiar term."
"daw","wad","3","Medium","The definition of 'daw' is not immediately obvious, but 'wad' is a common word."
"gam","mag","3","Medium","The definition of 'gam' is somewhat obscure, but 'mag' is a common word."
"lav","val","3","Medium","The definition of 'lav' is somewhat obscure, but 'val' is a common word."
"tow","wot","3","Medium","The definition of 'tow' is somewhat obscure, but 'wot' is a somewhat common word."
"nips","spin","4","Medium","The definition of 'spin' is a bit less common, but still recognizable, making it a medium-difficulty anchor for this puzzle."
"gal","lag","3","Medium","The definition of 'lag' is a bit less common, but still recognizable, making it a medium-difficulty anchor for this puzzle."
"naps","span","4","Medium","The definition of 'span' is a bit less common, but still recognizable, making it a medium-difficulty anchor for this puzzle."
"etas","sate","4","Medium","The definition of 'etas' as a plural of eta is less common, but 'sate' is a familiar word that can be anchored on."
"ajar","raja","4","Medium","The definition of 'ajar' as slightly turned or opened is less common, but 'raja' is a familiar term that can be anchored on."
"keels","sleek","5","Medium","The definition of 'keels' as a plural of keel is less common, but 'sleek' is a familiar word that can be anchored on."
"gats","stag","4","Medium","The definition of 'gats' is somewhat obscure, but the definition of 'stag' is somewhat familiar, making it moderately easy to anchor on."
"stew","wets","4","Medium","The definition of 'stew' is somewhat obscure, but the definition of 'wets' is somewhat familiar, making it moderately easy to anchor on."
"gnaw","wang","4","Medium","The definition of 'gnaw' is somewhat familiar, but the definition of 'wang' is somewhat obscure, making it moderately easy to anchor on."
"snoops","spoons","6","Medium","The definition of 'snoops' is not immediately obvious, but 'spoons' is a familiar word that can serve as an anchor."
"decal","laced","5","Medium","The definition of 'decal' is not immediately obvious, but 'laced' is a familiar word that can serve as an anchor."
"brag","garb","4","Medium","The definition of 'brag' is not immediately obvious, but 'garb' is a familiar word that can serve as an anchor."
"dual","laud","4","Medium","The definition of 'dual' is not immediately obvious, but 'laud' is a familiar word that can serve as an anchor."
"corp","proc","4","Medium","The definition for 'corp' is not immediately obvious, but 'proc' is a familiar term in programming. A player needs some knowledge of programming to anchor on 'proc'."
"gals","slag","4","Medium","The definition for 'gals' is clear, but the word itself is not immediately recognizable. The definition for 'slag' is clear, but the word itself is not as widely known."
"cram","marc","4","Medium","The definition for 'cram' is clear, but the word itself is not immediately recognizable. The definition for 'marc' is clear, but the word itself is not as widely known."
"reit","tier","4","Medium","The definition of 'reit' is obscure, but the word itself is not entirely unknown. The definition of 'tier' is clear, but the word 'reit' is not as well-known."
"loops","spool","5","Medium","The definition of 'loops' is clear, but the word itself is not as well-known. The definition of 'spool' is common, but the word itself is still recognizable."
"buns","snub","4","Medium","The definition of 'buns' is colloquial, but the word itself is still recognizable. The definition of 'snub' is clear, but the word itself is not as well-known."
"snit","tins","4","Medium","The definition of 'snit' is colloquial, but the word itself is still recognizable. The definition of 'tins' is clear, but the word itself is not as well-known."
"lop","pol","3","Medium","The definition of 'lop' as a verb is somewhat obscure, but 'pol' as a politician is a clear anchor."
"fao","oaf","3","Medium","The definition of 'fao' as an abbreviation is somewhat obscure, but 'oaf' as a derogatory term is a clear anchor."
"reknit","tinker","6","Medium","The definition of 'reknit' as to knit again is somewhat obscure, but 'tinker' as a verb is a clear anchor."
"knits","stink","5","Medium","The definition of 'knits' is familiar, but the word 'stink' is not immediately obvious. A reasonably well-read speaker can work out at least one anchor."
"dorp","prod","4","Medium","The definition of 'dorp' is moderately difficult, but the word 'prod' is familiar. A reasonably well-read speaker can work out at least one anchor."
"gnat","tang","4","Medium","The definition of 'gnat' is moderately difficult, but the word 'tang' is familiar. A reasonably well-read speaker can work out at least one anchor."
"darg","grad","4","Medium","The definition of 'darg' is moderately difficult, but the word 'grad' is familiar. A reasonably well-read speaker can work out at least one anchor."
"gnats","stang","5","Medium","The definition of 'gnats' is immediately familiar, but 'stang' is a less common term, requiring some thought to anchor on."
"snips","spins","5","Medium","The definition of 'snips' is immediately familiar, but 'spins' is a less common term, requiring some thought to anchor on."
"giro","orig","4","Medium","The definition of 'giro' is less common, and 'orig' is a specialized term, making it harder to anchor on and discover the less common term 'orig'."
"lees","seel","4","Medium","The definition of 'lees' is immediately familiar, but 'seel' is a less common term, requiring some thought to anchor on."
"stat","tats","4","Medium","The definition of 'stat' is informal and may not be immediately recognizable, while 'tats' is a plural form that may not be familiar to all players."
"delos","soled","5","Medium","The definition of 'delos' is straightforward, but the word 'soled' may not be immediately recognizable from its definition."
"arb","bra","3","Medium","The definition of 'arb' is not immediately obvious, but 'bra' is a common word."
"dahs","shad","4","Medium","The definition of 'dahs' is not immediately obvious, but 'shad' is a common word."
"pols","slop","4","Medium","The definition of 'slop' is somewhat obscure, but 'pols' is a familiar word, making it easier to anchor on."
"aril","lira","4","Medium","The definition of 'aril' is somewhat technical, but 'lira' is a familiar unit of currency, making it easier to anchor on."
"poons","snoop","5","Medium","The definition of 'poons' is somewhat obscure, but 'snoop' is a familiar term, making it easier to anchor on."
"saps","spas","4","Medium","The definition of 'saps' is somewhat technical, but 'spas' is a familiar term, making it easier to anchor on."
"smut","tums","4","Medium","The definition of 'smut' as soot is not immediately obvious, but 'tums' is a familiar word. The anchor is 'tums'."
"rebut","tuber","5","Medium","The definition of 'rebut' is somewhat familiar, but 'tuber' is not immediately obvious. The anchor is 'rebut'."
"dialer","relaid","6","Medium","The definition of 'dialer' is somewhat familiar, but 'relaid' is not immediately obvious. The anchor is 'dialer'."
"eviler","relive","6","Medium","The definition of 'eviler' is somewhat familiar, but 'relive' is not immediately obvious. The anchor is 'eviler'."
"looter","retool","6","Medium","The definition of 'looter' is somewhat familiar, but 'retool' is not immediately obvious. The anchor is 'looter'."
"recaps","spacer","6","Medium","The definition of 'recaps' is somewhat familiar, but 'spacer' is not immediately obvious. The anchor is 'recaps'."
"rennet","tenner","6","Medium","The definition of 'rennet' is somewhat technical, but 'tenner' is a common term in the UK and Ireland. A typical adult English speaker may need a moment's thought to anchor on 'tenner'."
"sprits","stirps","6","Medium","The definition of 'sprits' is somewhat technical, but 'stirps' is a familiar term in genealogy. A typical adult English speaker may need a moment's thought to anchor on 'stirps'."
"marcs","scram","5","Medium","The definition of 'marcs' is somewhat technical, but 'scram' is a common term in informal language. A typical adult English speaker may need a moment's thought to anchor on 'scram'."
"nonet","tenon","5","Medium","The definition of 'nonet' is somewhat technical, but 'tenon' is a familiar term in carpentry. A typical adult English speaker may need a moment's thought to anchor on 'tenon'."
"resat","taser","5","Medium","The definition of 'resat' is somewhat technical, but 'taser' is a familiar term in law enforcement. A typical adult English speaker may need a moment's thought to anchor on 'taser'."
"sprat","tarps","5","Medium","The definition of 'sprat' is somewhat obscure, but 'tarps' is a common word that can serve as an anchor."
"stows","swots","5","Medium","The definition of 'stows' is somewhat technical, but 'swots' is a common word that can serve as an anchor."
"gorp","prog","4","Medium","The definition of 'gorp' is somewhat obscure, but 'prog' is a common word that can serve as an anchor."
"prat","tarp","4","Medium","The definition of 'prat' is somewhat obscure, but 'tarp' is a common word that can serve as an anchor."
"swat","taws","4","Medium","The definition of 'swat' is common, but the word 'taws' is less well-known. The definition of 'taws' is also not immediately obvious."
"swot","tows","4","Medium","The definition of 'swot' is common, but the word 'tows' is less well-known. The definition of 'tows' is also not immediately obvious."
"gro","org","3","Medium","The definition of 'gro' is technical, making it hard to anchor on. The word 'org' is also not immediately obvious."
"and","dna","3","Hard","The definition of 'and' is clear, but 'dna' is not immediately obvious."
"dias","said","4","Hard","The definition of 'dias' is not clear, and 'said' is not immediately obvious."
"del","led","3","Hard","The definition of 'del' is technical and may be unfamiliar to many players, making it a hard difficulty puzzle."
"devil","lived","5","Hard","Both words are somewhat familiar, but neither definition is immediately obvious. A player needs some domain knowledge or vocabulary to find an anchor."
"deep","peed","4","Hard","Neither definition is immediately obvious, and 'peed' is a less common word."
"mir","rim","3","Hard","Both words are somewhat familiar, but neither definition is immediately obvious. A player needs some domain knowledge or vocabulary to find an anchor."
"guns","snug","4","Hard","Both words are somewhat familiar, but neither definition is immediately obvious. A player needs some domain knowledge or vocabulary to find an anchor."
"mas","sam","3","Hard","Both words are moderately difficult to anchor on, with 'mas' being a less common word and 'sam' being a less common verb."
"han","nah","3","Hard","Both words are moderately difficult to anchor on, with 'han' being a less common word and 'nah' being an informal term."
"flow","wolf","4","Hard","Both words are moderately difficult to anchor on, with 'flow' being a common term and 'wolf' being a less common word."
"rats","star","4","Hard","Both words are moderately difficult to anchor on, with 'rats' being a common term and 'star' being a less common concept."
"knar","rank","4","Hard","Both words are moderately difficult to anchor on, requiring some domain knowledge."
"dine","enid","4","Hard","Neither definition is immediately obvious, and the words are not commonly known. The definition of 'dine' is a common term, but 'enid' is a zoological term, making it difficult to anchor on either word."
"dan","nad","3","Hard","Neither definition is immediately obvious, and the words are not commonly known, making it hard to anchor on either one."
"liar","rail","4","Hard","Neither definition is immediately obvious, and the words are not commonly known, making it hard to anchor on either one."
"fires","serif","5","Hard","Neither definition is immediately clear, and the words are not well-known."
"draws","sward","5","Hard","Neither definition is immediately clear, and the words are not well-known."
"dig","gid","3","Hard","The definition of 'dig' is a common and easily recognizable action, but the definition of 'gid' is a less common and more obscure disease, making it a harder puzzle."
"decaf","faced","5","Hard","The definition of 'decaf' is a common and easily recognizable term for decaffeinated coffee, but the definition of 'faced' is a less common term related to dressmaking, making it a harder puzzle."
"smart","trams","5","Hard","The definition of 'smart' is a common and easily recognizable term for intellectual knowledge, but the definition of 'trams' is a less common and more obscure term for a type of transportation, making it a harder puzzle."
"deem","meed","4","Hard","The definition of 'deem' is a complex and nuanced concept, making it a harder anchor. The definition of 'meed' is an archaic term, which is less common and requires more thought to anchor on."
"lever","revel","5","Hard","The definition of 'lever' is a complex mechanical concept, making it a harder anchor. The definition of 'revel' is a celebration, which is a less common concept, but still a clear anchor."
"bor","rob","3","Hard","Both definitions are somewhat obscure, making it difficult to anchor on either word."
"trow","wort","4","Hard","Both definitions are somewhat obscure, making it difficult to anchor on either word."
"bah","hab","3","Hard","Neither definition is immediately obvious, making it a hard puzzle."
"dar","rad","3","Hard","Neither definition is immediately obvious, making it a hard puzzle."
"gan","nag","3","Hard","Both words are less common, and the definitions are not immediately recognizable, making it harder to anchor on either word."
"jam","maj","3","Hard","Both words are less common, and the definitions are not immediately recognizable, making it harder to anchor on either word."
"bard","drab","4","Hard","Both words are less common, and the definitions are not immediately recognizable, making it harder to anchor on either word."
"leper","repel","5","Hard","Both words are somewhat obscure, and the definitions are not immediately obvious."
"lager","regal","5","Hard","Both words are somewhat obscure, and the definitions are not immediately obvious."
"depot","toped","5","Hard","The definition of 'depot' is somewhat obscure, and 'toped' is not a familiar term."
"dom","mod","3","Hard","Both definitions are somewhat obscure, and neither word is immediately recognizable."
"cal","lac","3","Hard","Both definitions are somewhat obscure, and neither word is immediately recognizable."
"spat","taps","4","Hard","Both definitions are somewhat obscure, and neither word is immediately recognizable."
"diaper","repaid","6","Hard","The definition of 'diaper' is a bit lengthy and not immediately recognizable, making it a harder anchor for this puzzle."
"fret","terf","4","Hard","The definition of 'fret' is a bit less common, but still recognizable, making it a harder anchor for this puzzle."
"denies","seined","6","Hard","Both definitions are less common and require some knowledge of grammar and nautical terms, making it harder to anchor on either word."
"avis","siva","4","Hard","Both definitions are less common and require some knowledge of obsolete words and birds, making it harder to anchor on either word."
"ailed","delia","5","Hard","Both definitions are less common and require some knowledge of historical garments and medical terms, making it harder to anchor on either word."
"remit","timer","5","Hard","The definition of 'remit' is somewhat technical, and the definition of 'timer' is not immediately obvious, making it harder to anchor on either word."
"raps","spar","4","Hard","Both definitions are moderately difficult, and neither word is immediately obvious."
"gums","smug","4","Hard","Both definitions are moderately difficult, and neither word is immediately obvious."
"lair","rial","4","Hard","Both words are somewhat familiar, but neither definition is immediately obvious. A player needs some domain knowledge or vocabulary to find an anchor."
"emir","rime","4","Hard","The definition for 'emir' is clear, but the word itself is not immediately recognizable. The definition for 'rime' is archaic and not widely known, making it difficult for players to anchor on."
"flor","rolf","4","Hard","The definition for 'flor' is clear, but the word itself is not immediately recognizable. The definition for 'rolf' is clear, but the word itself is not as widely known."
"ante","etna","4","Hard","The definition of 'ante' is a common phrase, but the word itself is not as well-known. The definition of 'etna' is archaic and not immediately recognizable."
"debut","tubed","5","Hard","Both definitions are moderately difficult, and neither word jumps out easily."
"redraw","warder","6","Hard","Both definitions are moderately difficult, and neither word jumps out easily."
"retros","sorter","6","Hard","Both definitions are moderately difficult, and neither word is immediately obvious. The word 'retros' is a plural form of 'retro', and 'sorter' is a common word but still hard to anchor on."
"laver","reval","5","Hard","The definition of 'laver' is less common, and 'reval' is a specialized term, making it harder to anchor on and discover the less common term 'reval'."
"gram","marg","4","Hard","The definition of 'gram' is technical and not immediately recognizable, while 'marg' is a colloquial term that may not be familiar to all players."
"grus","surg","4","Hard","Both words are rare and the definitions are not immediately obvious."
"aryl","lyra","4","Hard","Both words are rare and the definitions are not immediately obvious."
"ait","tia","3","Hard","The definition of 'ait' is somewhat obscure, and 'tia' is a medical term that may not be immediately familiar to all players."
"darter","retrad","6","Hard","Both words are somewhat obscure, and the definition of 'darter' may not be immediately familiar to all players."
"anal","lana","4","Hard","The definition of 'anal' is somewhat technical, and 'lana' is a less familiar term, making it harder to anchor on either one."
"knaps","spank","5","Hard","Both words are somewhat familiar, but neither definition is immediately obvious. The anchor is not clear."
"deffer","reffed","6","Hard","Both words are somewhat familiar, but neither definition is immediately obvious. The anchor is not clear."
"sleets","steels","6","Hard","Both definitions are somewhat technical, and a typical adult English speaker may need to think carefully to anchor on either 'sleets' or 'steels'."
"abut","tuba","4","Hard","Both definitions are somewhat technical and may require domain knowledge to understand."
"auks","skua","4","Hard","Both definitions are somewhat technical and may require domain knowledge to understand."
"stet","tets","4","Hard","The definition of 'stet' is technical and not immediately obvious, making it hard to anchor on. The word 'tets' is also not well-known."
"isp","psi","3","Hard","Both words are moderately difficult to anchor on, with 'isp' being an abbreviation and 'psi' being a term from parapsychology or science fiction."
"mho","ohm","3","Hard","While 'ohm' is a well-known unit of electrical resistance, 'mho' is a less common term that may require some knowledge of electrical units to anchor on."
"pos","sop","3","Very Hard","Both words are very obscure, and neither definition is a natural giveaway. A player needs to be familiar with UK slang and agricultural terms to find an anchor."
"nor","ron","3","Very Hard","Both words are somewhat familiar, but neither definition is immediately obvious. A player needs some domain knowledge or vocabulary to find an anchor."
"nus","sun","3","Very Hard","The definition of 'nus' is obscure and technical, making it hard to anchor on. The definition of 'sun' is easy, but the word itself is not immediately obvious."
"los","sol","3","Very Hard","The definition of 'los' is obscure and technical, making it hard to anchor on. The definition of 'sol' is also less familiar, making it harder to anchor on."
"six","xis","3","Very Hard","Neither definition is immediately obvious, and 'xis' is an obscure plural form."
"secret","terces","6","Very Hard","Neither definition is immediately obvious, and 'terces' is an obscure plural form."
"las","sal","3","Very Hard","Both words are obscure, and neither definition is a natural giveaway. A player needs significant domain knowledge or vocabulary to find an anchor."
"animal","lamina","6","Very Hard","Both words are relatively obscure, with 'animal' being a broad term and 'lamina' being a less common word."
"mos","som","3","Very Hard","Both words are relatively obscure, with 'mos' being a rare term and 'som' being a less common currency."
"notes","seton","5","Very Hard","Both words are relatively obscure, with 'notes' being a broad term and 'seton' being a less common medical term."
"mes","sem","3","Very Hard","Both words are obscure and require specialized knowledge to anchor on."
"deliver","reviled","7","Very Hard","Both words are obscure and require specialized knowledge to anchor on."
"ages","sega","4","Very Hard","Neither definition is immediately obvious, and the words are not commonly known. The definition of 'ages' is hyperbolic, and 'sega' is a music genre associated with Mauritius, making it difficult to anchor on either word."
"ate","eta","3","Very Hard","Neither definition is immediately obvious, and the words are not commonly known, making it hard to anchor on either one."
"fer","ref","3","Very Hard","Neither definition is immediately obvious, and the words are not commonly known, making it hard to anchor on either one."
"straw","warts","5","Very Hard","Neither definition is immediately clear, and the words are not well-known."
"harris","sirrah","6","Very Hard","Both definitions are obscure and require specialized knowledge, making it difficult to anchor on either word."
"pus","sup","3","Very Hard","Both definitions are technical and not immediately obvious, making it a very hard puzzle."
"lev","vel","3","Very Hard","Both words are very obscure, and the definitions are not immediately recognizable, making it extremely hard to anchor on either word."
"ark","kra","3","Very Hard","Both words are extremely obscure, and the definitions are not immediately obvious."
"amor","roma","4","Very Hard","Both definitions are somewhat obscure, and neither word is immediately recognizable."
"mut","tum","3","Very Hard","Both words are relatively obscure, and their definitions do not provide an immediate anchor for the puzzle."
"dag","gad","3","Very Hard","Both words are relatively obscure, and their definitions do not provide an immediate anchor for the puzzle."
"cor","roc","3","Very Hard","Both words are relatively obscure, and their definitions do not provide an immediate anchor for the puzzle."
"fir","rif","3","Very Hard","The definition of 'fir' is somewhat obscure, and the definition of 'rif' is not immediately obvious, making it very hard to anchor on either word."
"sonnet","tennos","6","Very Hard","The definition of 'sonnet' is somewhat technical and poetic, and the definition of 'tennos' is not immediately obvious, making it very hard to anchor on either word."
"bog","gob","3","Very Hard","The definition of 'bog' is not easily guessable, and 'gob' is an obscure word that requires domain knowledge to anchor."
"girt","trig","4","Very Hard","The definition of 'girt' is not easily guessable, and 'trig' is an obscure word that requires domain knowledge to anchor."
"lin","nil","3","Very Hard","The definition for 'lin' is dialectal and not widely known, making it difficult for players to anchor on. The definition for 'nil' is clear, but the word itself is not immediately recognizable."
"hap","pah","3","Very Hard","The definition for 'hap' is not immediately obvious, and the word itself is not widely known. The definition for 'pah' is clear, but the word itself is not immediately recognizable."
"langer","regnal","6","Very Hard","The definition for 'langer' is derogatory and not widely known, making it difficult for players to anchor on. The definition for 'regnal' is clear, but the word itself is not immediately recognizable."
"denier","reined","6","Very Hard","Both definitions are technical and not immediately recognizable. The words themselves are also not well-known."
"ats","sta","3","Very Hard","Both words are somewhat obscure, and neither definition is a natural giveaway."
"feer","reef","4","Very Hard","Both definitions are moderately difficult, and neither word is immediately obvious. The word 'feer' is an obscure agricultural term, and 'reef' is a common word but still hard to anchor on."
"larum","mural","5","Very Hard","The definition of 'larum' is obscure, and 'mural' is a less common term, making it very hard to anchor on and discover the less common term 'mural'."
"arak","kara","4","Very Hard","Both words are relatively obscure, and their definitions do not provide an immediate anchor for the player."
"agar","raga","4","Very Hard","The definition of 'agar' is technical and not immediately recognizable, while 'raga' is a term from Indian classical music that may not be familiar to all players."
"abas","saba","4","Very Hard","Both words are rare and the definitions are not immediately obvious."
"hales","selah","5","Very Hard","The definitions are not immediately obvious and the words are rare."
"ayr","rya","3","Very Hard","The words are rare and the definitions are not immediately obvious."
"camus","sumac","5","Very Hard","Both words are obscure, and neither definition is immediately obvious. The anchor is not clear."
"airts","stria","5","Very Hard","Both definitions are somewhat technical, and a typical adult English speaker may struggle to anchor on either 'airts' or 'stria'."
"dedal","laded","5","Very Hard","Both definitions are somewhat technical, and a typical adult English speaker may struggle to anchor on either 'dedal' or 'laded'."
"sakis","sikas","5","Very Hard","Both definitions are somewhat technical, and a typical adult English speaker may struggle to anchor on either 'sakis' or 'sikas'."
"bots","stob","4","Very Hard","Both definitions are somewhat obscure and may require specialized knowledge to understand."
"atp","pta","3","Very Hard","The definition of 'atp' is internet slang, making it hard to anchor on. The word 'pta' is also not well-known."
"kor","rok","3","Very Hard","Both words are historical or archaic units of measure, making it difficult for players to anchor on either one."
"dis","sid","3","Insane","Neither definition is immediately clear, and the words are not well-known. The definition of 'dis' is nonstandard and dialectical."
"stu","uts","3","Insane","Both words are extremely obscure and the definitions are not helpful for finding an anchor."
"pow","wop","3","Insane","Both words have complex or potentially off-putting definitions, with 'wop' being an ethnic slur and 'pow' being a sound that may not be immediately recognizable as a word."
